Date,Payment_Mode,Volume,Value,ATS,MoM,YoY,log_volume,log_value,is_covid_shock,is_policy_change,is_festive_month,is_fy_end,MoM_Anomaly
2019-11-01,Credit,176212447.0,601302483769.9,3412.372360789587,,,18.98720091028806,27.122363945650125,0,0,1,0,0
2019-12-01,Credit,203663822.0,657357604620.0,3227.6601615578047,15.5785675003991,,19.13198126110344,27.21149400662331,0,0,0,0,0
2020-01-01,Credit,201727299.0,665728610304.6,3300.1413968498136,-0.9508429042444311,,19.122427338337335,27.224147932404225,0,0,0,0,0
2020-02-01,Credit,188294000.0,621470000000.0,3300.5300221993266,-6.659137888918054,,19.053515129072977,27.15535347641837,0,0,0,0,0
2020-03-01,Credit,163857148.0,505741508410.69995,3086.4781584670322,-12.978030101861982,,18.914505557424555,26.949291522760774,1,0,0,1,0
2020-04-01,Credit,76853233.0,207647694992.0,2701.8732574594487,-53.09741812423099,,18.15740809602952,26.059108706513694,1,0,0,0,1
2020-05-01,Credit,102886386.99999999,322250220398.7,3132.097741936453,33.87385667952314,,18.4491358985639,26.498594162702478,0,0,0,0,0
2020-06-01,Credit,124854866.0,427728263511.80005,3425.8037128629016,21.352172664008528,,18.642662548700283,26.781753932557994,0,0,0,0,0
2020-07-01,Credit,131966372.0,455580170507.1,3452.244413501797,5.695818054860591,,18.698057690518663,26.844837543663335,0,0,0,0,0
2020-08-01,Credit,142510546.0,503110002876.4,3530.3352418311556,7.990046130843087,,18.77492656195214,26.944074676727446,0,0,0,0,0
2020-09-01,Credit,148670569.0,511337501329.3,3439.39963887069,4.322503262319977,,18.817243469850656,26.960295681402986,0,0,0,0,0
2020-10-01,Credit,171803116.0,646515313012.9,3763.117503718035,15.559600770748382,,18.961859704718982,27.194862720899316,0,0,1,0,0
2020-11-01,Credit,166257534.0,623497614380.5,3750.1916417243383,-3.227870442117009,-5.649381283491284,18.929048553766673,27.158610775885165,0,0,1,0,0
2020-12-01,Credit,173779292.0,634865231392.5,3653.284715836568,4.524160691569024,-14.673460267283012,18.973296615250337,27.176678579286715,0,0,0,0,0
2021-01-01,Credit,174420000.0,647370900000.0,3711.56346749226,0.36869064928632955,-13.536739516846453,18.976976741763114,27.19618522840144,0,1,0,0,0
2021-02-01,Credit,161377459.0,601045444001.2001,3724.4696237359894,-7.477663685357183,-14.29495416741904,18.899256644815143,27.121936382601728,0,0,0,0,0
2021-03-01,Credit,188727091.0,723188168973.3,3831.9255870546963,16.9476159616567,15.177820011855703,19.05581256654178,27.30693528661692,0,0,0,1,0
2021-04-01,Credit,157531597.0,590491231026.7,3748.3986849108114,-16.529420251594928,104.97718944367635,18.875136611982306,27.104220622391768,0,0,0,0,0
2021-05-01,Credit,134473103.0,520138691571.69995,3867.975676680116,-14.63737716059591,30.700578493440545,18.716874759312795,26.97736132752084,0,0,0,0,0
2021-06-01,Credit,154700942.0,627460212383.3,4055.955990127714,15.042293625067904,23.904615780052985,18.85700440472967,27.16494609938159,0,0,0,0,0
2021-07-01,Credit,182048822.0,748847633091.4,4113.44399191663,17.677901405409678,37.95091828393979,19.019785461814987,27.341801372655244,0,0,0,0,0
2021-08-01,Credit,190470608.0,777330165380.2001,4081.1029772121065,4.62611397727144,33.65369325018235,19.065008451913393,27.379131020328973,0,0,0,0,0
2021-09-01,Credit,184720792.0,802277537632.1,4343.190222095302,-3.018741873286823,24.2483924306498,19.0343560105717,27.410720441846927,0,0,0,0,0
2021-10-01,Credit,215581179.00000003,1009427795994.0,4682.355856278158,16.706504268344634,25.481530265143746,19.188848097270238,27.64040474761827,0,0,1,0,0
2021-11-01,Credit,201116000.0,892168400000.0,4436.088625469878,-6.709852440319031,20.966548198651868,19.119392413984723,27.516920740945643,0,0,1,0,0
2021-12-01,Credit,211258709.0,939072313616.4,4445.129472112792,5.043213369398747,21.567251522695805,19.16859404938729,27.568158324495528,0,0,0,0,0
2022-01-01,Credit,195805371.0,877685180809.6,4482.43669888708,-7.314888021965526,12.26084795321638,19.092631718736552,27.50055380228391,0,0,0,0,0
2022-02-01,Credit,188423984.0,860410304585.8,4566.352363008098,-3.7697571636071237,16.759791093252986,19.05420521561346,27.48067521077431,0,0,0,0,0
2022-03-01,Credit,223751212.0,1071067361651.4,4786.867307120553,18.748795800857287,18.558078129864253,19.226045331864345,27.69967680144934,0,0,0,1,0
2022-04-01,Credit,222930163.0,1054592027470.38,4730.59371275111,-0.3669472860777123,41.5145705658021,19.222369109972714,27.684175104247828,0,0,0,0,0
2022-05-01,Credit,237803107.0,1136935941731.8801,4780.997002414608,6.67157095291766,76.84064820010883,19.286953607736947,27.759357989384107,0,0,0,0,0
2022-06-01,Credit,227945728.0,1087516336499.9701,4770.944145529106,-4.145185117366868,47.3460504203006,19.24461812349615,27.714917621865357,0,0,0,0,0
2022-07-01,Credit,234833761.0,1158557315113.51,4933.521100969421,3.0217863964530967,28.994935765088336,19.274388421782994,27.778196653150104,0,0,0,0,0
2022-08-01,Credit,244783111.99999997,1123575561574.57,4590.086106816757,4.2367634694570055,28.51490031469841,19.315883119294632,27.74753718182833,0,0,0,0,0
2022-09-01,Credit,245305576.00000003,1220938357338.3901,4977.214041552769,0.21343956114099338,32.79803174512159,19.31801524031973,27.83064082439234,0,0,0,0,0
2022-10-01,Credit,255401953.99999997,1290482018904.68,5052.74920059805,4.115837138573619,18.471359691376364,19.358349152277377,27.886036922574984,0,0,1,0,0
2022-11-01,Credit,234773322.99999997,1147939485044.11,4889.565263955097,-8.076927633842612,16.73527864516,19.274131023620175,27.768989699060313,0,0,1,0,0
2022-12-01,Credit,255646504.99999997,1265236898217.9,4949.165638771005,8.890781002405458,21.011108233175825,19.359306208362216,27.866280491893445,0,1,0,0,0
2023-01-01,Credit,259352054.0,1276823955593.95,4923.130300691391,1.4494815800435212,32.45400403240215,19.37369697852982,27.875396825679253,0,0,0,0,0
2023-02-01,Credit,232320224.0,1186843236622.48,5108.652256733705,-10.422832433014007,23.296524714178645,19.26362725378757,27.802318155962098,0,0,0,0,0
2023-03-01,Credit,263428980.0,1373111269046.38,5212.453349082473,13.390464017458935,17.73298461507329,19.389294364000435,27.948100280251133,0,0,0,1,0
2023-04-01,Credit,259255046.0,1327685071995.0798,5121.154216589789,-1.5844627269179012,16.294288090571207,19.373322868722486,27.914457994277548,0,0,0,0,0
2023-05-01,Credit,273474265.0,1406595994511.97,5143.430934943623,5.484645031749924,15.000290976013186,19.426718080335107,27.972193713177976,0,0,0,0,0
2023-06-01,Credit,262904943.99999997,1372343388808.65,5219.922333634966,-3.8648320345609277,15.336640132163382,19.387303095152802,27.94754089730481,0,0,0,0,0
2023-07-01,Credit,278089890.0,1451083201936.48,5218.036520265012,5.775831282959842,18.41989363701415,19.44345496471382,28.003331429286924,0,0,0,0,0
2023-08-01,Credit,290577652.0,1486020074976.5,5114.020519983072,4.490548721494325,18.70821055661718,19.48738140318388,28.027122571538314,0,0,0,0,0
2023-09-01,Credit,273942907.0,1423195507351.6199,5195.226709599091,-5.724715884207088,11.674145963971071,19.42843027402745,27.983925816569908,0,0,0,0,0
2023-10-01,Credit,320047713.0,1785691267835.9001,5579.4532980646545,16.83007839294046,25.311379959136904,19.583980645768282,28.210826721086516,0,0,1,0,0
2023-11-01,Credit,297089633.0,1606439658811.32,5407.2558594170805,-7.173330434015634,26.543181824793628,19.509544445848935,28.105041454144132,0,0,1,0,0
2023-12-01,Credit,321499532.0,1651192351100.2998,5135.90903485452,8.216341564500173,25.759408289192166,19.588506645964372,28.132518779895104,0,0,0,0,0
2024-01-01,Credit,328951519.0,1664439336665.86,5059.831739721682,2.317884245007229,26.835902753251382,19.611420939208678,28.140509447917864,0,0,0,0,0
2024-02-01,Credit,311244411.0,1492063703663.02,4793.865049236241,-5.382892911949133,33.97215517491925,19.556089048955464,28.031181313623716,0,0,0,0,0
2024-03-01,Credit,343937776.0,1644590765583.0698,4781.652032264899,10.504080987336994,30.56185997455556,19.655971315255307,28.128512694474782,0,0,0,1,0
2024-04-01,Credit,344150699.0,1564983778895.7102,4547.379341210375,0.06190741897453833,32.74599831703951,19.65659019789768,28.07889657494408,0,0,0,0,0
2024-05-01,Credit,360135663.0,1649552637471.57,4580.364587418187,4.6447570922992565,31.689050521810525,19.70199136009411,28.13152523827387,0,0,0,0,0
2024-06-01,Credit,357949455.0,1588221013802.2698,4436.997994038767,-0.6070512377997939,36.15166362181459,19.695902347246292,28.093635646526558,0,0,0,0,0
2024-07-01,Credit,383779537.0,1726702055207.3,4499.203028657831,7.216125528114015,38.00556970985174,19.765578823284798,28.17723437861561,0,0,0,0,0
2024-08-01,Credit,390049324.0,1681841926000.0,4311.8698649507205,1.6336949721214467,34.2323889381555,19.781783760885954,28.15091069327696,0,0,0,0,0
2024-09-01,Credit,392162365.0,1762020539117.3,4493.089333335952,0.5417368701810643,43.15477969283579,19.787186508427645,28.19748230008135,0,0,0,0,0
2024-10-01,Credit,433213786.0,2017889050157.53,4657.952067475364,10.467965481593321,35.35912565636736,19.88674189622279,28.33307305624817,0,0,1,0,0
2024-11-01,Credit,393603746.0,1692981635398.65,4301.2335441508985,-9.143300901324503,32.48653008366671,19.790855240373507,28.157512371648387,0,0,1,0,0
2024-12-01,Credit,432849503.0,1879494213302.07,4342.142477409914,9.970879951940304,34.63456705747241,19.885900657421633,28.262023821096246,0,0,0,0,0
2025-01-01,Credit,430572385.00000006,1841261651736.34,4276.31152363926,-0.5260761498436906,30.892353471698076,19.88062600939353,28.241472132869603,0,0,0,0,0
2025-02-01,Credit,396959090.0,1672079644952.6,4212.221579187417,-7.806653694244714,27.539347204535012,19.799343785482726,28.145089263997598,0,0,0,0,0
2025-03-01,Credit,458650422.99999994,2014938984997.99,4393.191162494557,15.540980054141084,33.352732675691875,19.943798872191397,28.331610030470713,0,0,0,1,0
2019-11-01,Debit,418083816.511,582086856690.2999,1392.2731129560116,,,19.85119248835689,27.089885511842407,0,0,1,0,0
2019-12-01,Debit,444874880.00000006,627524496268.1,1410.564013567365,6.408060401040472,,19.913303632055904,27.165048545067844,0,0,0,0,0
2020-01-01,Debit,450084588.0,628711862782.4,1396.8748976190227,1.1710501613397373,,19.9249460963972,27.16693890090626,0,0,0,0,0
2020-02-01,Debit,424574409.0,585608521334.2,1379.2836047596074,-5.667863259516903,,19.866597834573923,27.095917350946316,0,0,0,0,0
2020-03-01,Debit,360812580.0,482089507919.3,1336.1216726958355,-15.017821999723967,,19.70386921250721,26.90139563483409,1,0,0,1,0
2020-04-01,Debit,205366204.00000003,232504825678.49997,1132.14745732214,-43.08230494624106,,19.140305304433127,26.17217681736488,1,0,0,0,1
2020-05-01,Debit,265881667.00000003,379837928113.6,1428.5976630107405,29.46709917275385,,19.39856190686375,26.66301049372352,0,0,0,0,1
2020-06-01,Debit,300233734.0,477110416695.89996,1589.1299433257554,12.92005853115099,,19.52007184260257,26.891013782589802,0,0,0,0,0
2020-07-01,Debit,316193045.0,503249592903.7,1591.5896976914846,5.315628856016552,,19.571863486925317,26.94435209253146,0,0,0,0,0
2020-08-01,Debit,338942109.0,547700669185.89996,1615.9121414621868,7.194675645063597,,19.641339880850378,27.028994750546367,0,0,0,0,0
2020-09-01,Debit,350781077.0,553663537642.8,1578.3734469884191,3.492917429153075,,19.675672874590024,27.03982300641771,0,0,0,0,0
2020-10-01,Debit,393266485.0,691409648150.3,1758.1199378083288,12.111659033420441,,19.78999801892233,27.26199831884959,0,0,1,0,0
2020-11-01,Debit,376574526.0,678887878289.7001,1802.798201728866,-4.244439746753404,-9.928461440436509,19.746626529838956,27.243721823167082,0,0,1,0,0
2020-12-01,Debit,376508868.0,651783174293.6,1731.1230350452197,-0.017435592549874812,-15.367469613029183,19.746452158711698,27.202977788800048,0,0,0,0,0
2021-01-01,Debit,369954322.0,631571339626.2,1707.16032242002,-1.7408742680663725,-17.803379217241712,19.728890101927412,27.17147674088571,0,1,0,0,0
2021-02-01,Debit,344546487.0,592266709259.0,1718.9747439189534,-6.86783029392477,-18.848974479759562,19.657739579807807,27.107222892772633,0,0,0,0,0
2021-03-01,Debit,376305309.0,673864076322.7,1790.737627681729,9.217572431670163,4.2938439119833305,19.745911363888272,27.236294260344156,0,0,0,1,0
2021-04-01,Debit,321323241.0,561831046986.1,1748.4917842780628,-14.611026388681648,56.46354402109899,19.58795815573713,27.054467013503793,0,0,0,0,0
2021-05-01,Debit,255659647.0,432251019644.60004,1690.728375466309,-20.43537025073141,-3.8445749627408654,19.35935761396315,26.79227232043034,0,0,0,0,0
2021-06-01,Debit,294674079.0,510435713418.39996,1732.2043226557432,15.260301129962839,-1.8517755902806021,19.5013804865948,26.95853053796014,0,0,0,0,0
2021-07-01,Debit,340536735.0,610874380805.0,1793.8575138009708,15.563858265253128,7.698996035792005,19.64603356319718,27.13815717891641,0,0,0,0,0
2021-08-01,Debit,358829212.0,648667450566.7,1807.7331189153572,5.371660417194057,5.867404040965596,19.698357100665373,27.198186019502504,0,0,0,0,0
2021-09-01,Debit,349029003.0,625890509137.0,1793.2335243125913,-2.73116253422534,-0.49947791225921634,19.670665579865688,27.162441287216804,0,0,0,0,0
2021-10-01,Debit,385294885.0,764705099051.5,1984.726838643342,10.390506716715464,-2.027022465440964,19.769519534138425,27.362756105016075,0,0,1,0,0
2021-11-01,Debit,340701690.0,671093581960.5,1969.7395159985851,-11.57378328549573,-9.526092054352075,19.64651784299459,27.232174430602647,0,0,1,0,0
2021-12-01,Debit,349921321.0,664910344739.0,1900.170995122072,2.706071402228738,-7.061599144060537,19.67321889003421,27.222918048571888,0,0,0,0,0
2022-01-01,Debit,319299517.0,600253590246.3,1879.9076048909276,-8.751054069094577,-13.692178192744564,19.58164014499987,27.120618053281532,0,0,0,0,0
2022-02-01,Debit,295622576.0,570701174832.4,1930.5060613246264,-7.41527617155775,-14.199509455454118,19.504594117599687,27.070131573068345,0,0,0,0,0
2022-03-01,Debit,327518914.0,640518653640.2,1955.6692033981278,10.78954741264415,-12.964577919361753,19.607056364043714,27.18554408141915,0,0,0,1,0
2022-04-01,Debit,331186797.0,650616729307.542,1964.500804986927,1.1198995976152926,3.0696677804267436,19.618193115550348,27.201186564315602,0,0,0,0,0
2022-05-01,Debit,331564775.0,657999074734.01,1984.5264767163821,0.11412834189763466,29.689913480949137,19.619333748200496,27.212469362091422,0,0,0,0,0
2022-06-01,Debit,308998653.0,608847927053.9,1970.3902303221369,-6.8059467414775865,4.861158486899009,19.548847475629216,27.134834364202657,0,0,0,0,0
2022-07-01,Debit,313346528.0,645149614797.38,2058.9014306786257,1.407085421825438,-7.984515092035515,19.562820254311884,27.192748087769576,0,0,0,0,0
2022-08-01,Debit,303346938.0,621586550073.26,2049.094525797587,-3.1912241261533913,-15.46202821413547,19.530387718350756,27.155540998174473,0,0,0,0,0
2022-09-01,Debit,289937815.0,612039142274.1599,2110.932450374436,-4.42039174300154,-16.930165542718523,19.48517702691669,27.140062075377827,0,0,0,0,0
2022-10-01,Debit,296237803.0,669502936389.23,2260.018571597461,2.1728755871323724,-23.114005782869395,19.506673078258036,27.229801388011605,0,0,1,0,0
2022-11-01,Debit,260828281.00000003,555936768548.54,2131.428257768336,-11.953073389489044,-23.443795949471212,19.37937282155482,27.043920399097622,0,0,1,0,0
2022-12-01,Debit,266710246.99999997,586260395587.42,2198.117253393043,2.255110518479375,-23.779938233600816,19.401673409861477,27.097029888894962,0,1,0,0,0
2023-01-01,Debit,251009094.0,557779527468.62,2222.148682264954,-5.8869702895217095,-21.387574789222118,19.340999727515424,27.047229609186978,0,0,0,0,0
2023-02-01,Debit,226531059.99999997,496933854908.22003,2193.6676361653017,-9.751851460808037,-23.371528972807553,19.238392623728696,26.931722765470095,0,0,0,0,0
2023-03-01,Debit,238249573.0,537240158234.0,2254.946993059249,5.173027045386203,-27.256239925123836,19.28882930826193,27.00971105351855,0,0,0,1,0
2023-04-01,Debit,229538468.0,546273893523.731,2379.8794959445795,-3.6562940660548437,-30.69214410742346,19.251581189976523,27.026386323404143,0,0,0,0,0
2023-05-01,Debit,223976701.99999997,527759055929.56,2356.312291488068,-2.4230213124886935,-32.448583538465456,19.22705259548144,26.991905683034126,0,0,0,0,0
2023-06-01,Debit,210223617.0,510493468313.79,2428.3354819919687,-6.140408746620429,-31.966170415636086,19.163682364995882,26.958643679785222,0,0,0,0,0
2023-07-01,Debit,210131454.0,533131329631.37006,2537.1324448712476,-0.04384045965681871,-32.93959395650301,19.163243864271923,27.002033627818466,0,0,0,0,0
2023-08-01,Debit,207594099.99999997,526796682757.02997,2537.6283948196506,-1.2075079440510783,-31.56545394237671,19.151095288813615,26.99008050982728,0,0,0,0,0
2023-09-01,Debit,183904344.0,468664385999.52997,2548.413897169987,-11.411574799091095,-36.571107842555826,19.02992631082901,26.873152754348727,0,0,0,0,0
2023-10-01,Debit,190423479.0,521011409026.39,2736.0670635914075,3.5448510123284427,-35.71938588810018,19.064760986794614,26.97903777678322,0,0,1,0,0
2023-11-01,Debit,177165904.0,493941513621.15,2788.016782400467,-6.96215354830273,-32.075654020048546,18.99259716227116,26.92568295364582,0,0,1,0,0
2023-12-01,Debit,176815640.0,479345194042.02997,2710.988654861244,-0.19770395549698616,-33.704969348253044,18.990618165793787,26.89568683042986,0,0,0,0,0
2024-01-01,Debit,164467530.0,454865735327.00995,2765.687156163955,-6.983607332473529,-34.47746160145099,18.91822372266828,26.843268125157184,0,0,0,0,0
2024-02-01,Debit,152247458.0,414520718799.601,2722.677437409832,-7.430081791828458,-32.79179552684739,18.84101776819158,26.750388795313807,0,0,0,0,0
2024-03-01,Debit,159475140.0,447489473926.83,2806.0139901857433,4.747325239413858,-33.06382966738832,18.887398605972454,26.826918852433458,0,0,0,1,0
2024-04-01,Debit,151861489.0,439110937473.22,2891.522665586533,-4.774193018422812,-33.84050598438254,18.838479406784923,26.80801792304745,0,0,0,0,0
2024-05-01,Debit,150381658.0,435649665164.37,2896.960114406838,-0.9744610103223694,-32.8583479187045,18.82868700725569,26.800104237034798,0,0,0,0,0
2024-06-01,Debit,142393548.0,412588625352.084,2897.523315818242,-5.311891161620252,-32.26567498360568,18.7741052469269,26.74571686898272,0,0,0,0,0
2024-07-01,Debit,145655877.0,447646671920.3,3073.3169243854127,2.291065182251084,-30.683448752036902,18.79675739071015,26.827270079441362,0,0,0,0,0
2024-08-01,Debit,142244915.0,435418344900.0,3061.046821251923,-2.341794969247968,-31.479307456233098,18.77306088340735,26.799573118299783,0,0,0,0,0
2024-09-01,Debit,135364044.0,401015078737.59,2962.4933393508104,-4.8373405826141465,-26.39431942945295,18.723478329262438,26.717264866382894,0,0,0,0,0
2024-10-01,Debit,142717406.0,468297512515.58997,3281.292209834517,5.432285991692143,-25.05262126840987,18.77637705118237,26.872369641389128,0,0,1,0,0
2024-11-01,Debit,123189000.00000001,390100100000.0,3166.6796548393118,-13.683268598645903,-30.46686906528018,18.629230319363202,26.689669209803515,0,0,1,0,0
2024-12-01,Debit,128009805.0,405988477233.71,3171.5420333130733,3.9133404768282753,-27.602668519594765,18.66761742051264,26.729590614947632,0,0,0,0,0
2025-01-01,Debit,121669427.0,389633649025.77,3202.395693256368,-4.953040901827799,-26.022220313030786,18.616818310292526,26.688472773121237,0,0,0,0,0
2025-02-01,Debit,108249702.0,343140435551.63995,3169.897276499107,-11.029660721587852,-28.89884440632171,18.499951171956248,26.561405633412654,0,0,0,0,0
2025-03-01,Debit,120301951.00000001,390546816692.09,3246.3880547713643,11.133747970964404,-24.563821671515683,18.60551539860226,26.69081368813629,0,0,0,1,0
2019-11-01,IMPS,228075192.00000003,2029036418167.0,8896.348613693153,,,19.245185922023804,28.338582125436677,0,0,1,0,0
2019-12-01,IMPS,256467272.0,2109342335418.0,8224.606278098518,12.448561262199863,,19.362511619892313,28.377397325455938,0,0,0,0,0
2020-01-01,IMPS,259525523.00000003,2168107003270.0,8354.118616957761,1.1924527352558334,,19.374365610261666,28.404875554039837,0,0,0,0,0
2020-02-01,IMPS,247797744.0,2145656571152.0,8658.902766895246,-4.5189308798734285,,19.32812342300165,28.39446671524854,0,0,0,0,0
2020-03-01,IMPS,216823055.00000003,2019617042778.0,9314.586231514908,-12.49998829690716,,19.194592164126753,28.333929026585405,1,0,0,1,0
2020-04-01,IMPS,122474580.99999999,1211407943180.0,9891.09685690617,-43.51404143807495,,18.62341406437671,27.822804388496692,1,0,0,0,1
2020-05-01,IMPS,166679994.0,1694016757882.0,10163.287850142351,36.09354091197097,,18.931586328521405,28.158123604601805,0,0,0,0,1
2020-06-01,IMPS,198912186.0,2069508049618.0,10404.129034196025,19.337768874649708,,19.10837400891578,28.358332037771508,0,0,0,0,0
2020-07-01,IMPS,222098999.99999997,2257752800000.0,10165.524383270526,11.656809201222075,,19.218633786378156,28.44539109824929,0,0,0,0,0
2020-08-01,IMPS,246124856.0,2351369092632.0,9553.56208570824,10.817633577818908,,19.32134950985483,28.48601886705279,0,0,0,0,0
2020-09-01,IMPS,279608000.0,2486617500000.0,8893.2273039398,13.604129442334756,,19.448899180217897,28.541944469162676,0,0,0,0,0
2020-10-01,IMPS,318972000.0,2746447287111.0,8610.308387918061,14.078281022002237,,19.58061388260206,28.641329296794492,0,0,1,0,0
2020-11-01,IMPS,339113869.0,2764589147767.0005,8152.391867426102,6.314619778538555,48.68511828327211,19.641846505699203,28.647913149542862,0,0,1,0,0
2020-12-01,IMPS,355693299.0,2923247063558.0,8218.448511052777,4.889045101248857,38.68954749126821,19.689579397832038,28.70371612245355,0,0,0,0,0
2021-01-01,IMPS,346552000.0,2885375200000.0,8325.951660934,-2.5699947189615213,33.53291652936963,19.663543437484606,28.690676059425652,0,1,0,0,0
2021-02-01,IMPS,318973000.0,2752303700000.0,8628.641609164411,-7.958113068168704,28.723125098346337,19.580617017668562,28.64345938601551,0,0,0,0,0
2021-03-01,IMPS,363144000.0,3272360700000.0,9011.193080430903,13.847880541613232,67.48403438923962,19.710310007781654,28.816532766979552,0,0,0,1,0
2021-04-01,IMPS,322968000.0,2995423400000.0005,9274.675509648016,-11.063379816271235,163.70206565556654,19.593063805071623,28.72810670645256,0,0,0,0,0
2021-05-01,IMPS,279861000.0,2662894400000.0,9515.060690842955,-13.34714275098462,67.90317379061102,19.449803609300638,28.61043476744911,0,0,0,0,0
2021-06-01,IMPS,303845000.0,2841107900000.0,9350.517204495713,8.569968663014848,52.7533360877146,19.53202826092234,28.675215197664045,0,0,0,0,0
2021-07-01,IMPS,352464000.0,3113103820212.4004,8832.402231752463,16.001250637660647,58.696797374144,19.68045904734164,28.76664135736592,0,0,0,0,0
2021-08-01,IMPS,379711937.0,3202030432135.0,8432.788438081156,7.7307007240455805,54.27614389340669,19.75492346268522,28.79480623456003,0,0,0,0,0
2021-09-01,IMPS,384883571.0,3240959655766.6,8420.623533880587,1.361988785725221,37.65112979600011,19.768451433529016,28.806890591928592,0,0,0,0,0
2021-10-01,IMPS,430671000.0,3707124800000.0,8607.788311727514,11.896436338146522,35.018434219931535,19.880855015507596,28.941277705567682,0,0,1,0,0
2021-11-01,IMPS,412029000.0,3646720000000.0,8850.63915404013,-4.328594216931259,21.501665860796738,19.83660429318617,28.924849249375846,0,0,1,0,0
2021-12-01,IMPS,442985999.99999994,3964114300000.0,8948.622078350107,7.513306102240369,24.541564669735294,19.90904872480123,29.00830356649118,0,0,0,0,0
2022-01-01,IMPS,440172999.99999994,3870067500000.0,8792.151040613579,-0.6350087813158933,27.014993420900744,19.902678389419048,28.984293064678596,0,0,0,0,0
2022-02-01,IMPS,420931000.00000006,3844040400000.0,9132.23402410371,-4.371463038396239,31.964460941835227,19.857979482727387,28.977545116866903,0,0,0,0,0
2022-03-01,IMPS,492001000.0,4622788100000.0,9395.891675016921,16.884002366183502,35.48371995682154,20.01399130697484,29.162019123846928,0,0,0,1,0
2022-04-01,IMPS,471626000.0,4446699000000.0,9428.443300411767,-4.14125174542328,46.02870872656115,19.97169685657515,29.123183139085796,0,0,0,0,0
2022-05-01,IMPS,484813000.0,4523281200000.0,9329.950310738368,2.796071463405325,73.23349805796448,19.999273807541375,29.14025877561707,0,0,0,0,0
2022-06-01,IMPS,455701000.0,4437760400000.0,9738.316132727381,-6.004789475529737,49.97811384093864,19.93734745065786,29.12117095069852,0,0,0,0,0
2022-07-01,IMPS,460830000.0,4445409500000.0,9646.528003819196,1.1255187063447414,30.745267601797632,19.948539769393438,29.12289310663533,0,0,0,0,0
2022-08-01,IMPS,466909000.0,4459889900000.0,9551.946739086203,1.3191415489443026,22.964003630994622,19.961644935831632,29.12614519555716,0,0,0,0,0
2022-09-01,IMPS,462231000.00000006,4544513100000.0,9831.69259526081,-1.0019082947640645,20.096318686463242,19.951575324087663,29.14494170910643,0,0,0,0,0
2022-10-01,IMPS,482459000.0,4660817700000.0,9660.54669930502,4.376166894907518,12.024956405237418,19.99440650103955,29.17021202077568,0,0,1,0,0
2022-11-01,IMPS,463480000.0,4546786700000.0,9810.103348580305,-3.9338057741694077,12.487227840758774,19.954273792093137,29.145441879620527,0,0,1,0,0
2022-12-01,IMPS,485837000.0,4865521300000.0,10014.719545855914,4.82372486407181,9.673217663763655,20.001383734662145,29.213194978960665,0,1,0,0,0
2023-01-01,IMPS,474508000.0,4774914700000.0,10062.875020020738,-2.3318520409108423,7.800342138204774,19.97778903572461,29.194397225827334,0,0,0,0,0
2023-02-01,IMPS,447813222.00000006,4686471328992.37,10465.236618208583,-5.6257803872642675,6.3863725883814615,19.91988678826739,29.17570103332748,0,0,0,0,0
2023-03-01,IMPS,497056470.99999994,5462346546230.11,10989.388258522664,10.99638121002151,1.0275326676165264,20.02421420134867,29.32889958373234,0,0,0,1,0
2023-04-01,IMPS,495792846.0,5210502583664.32,10509.434788545377,-0.2542216174065137,5.124154732775543,20.021668748255937,29.281697432236044,0,0,0,0,0
2023-05-01,IMPS,501549000.0,5275577300000.0,10518.568076100242,1.1609998099891827,3.45205264710311,20.03321186747262,29.29410923006077,0,0,0,0,0
2023-06-01,IMPS,468101559.0,5004819643517.57,10691.738891469,-6.6688281703283225,2.721205132312643,19.964195836749692,29.241422492785222,0,0,0,0,0
2023-07-01,IMPS,489710132.0,5123118679309.2705,10461.532944777362,4.616214704809396,6.2669817503200775,20.009324206677007,29.264784486596064,0,0,0,0,0
2023-08-01,IMPS,489164875.0,5142795348444.58,10513.41911752061,-0.11134280554359055,4.76664082294409,20.008210158300056,29.268617889676936,0,0,0,0,0
2023-09-01,IMPS,472896566.0,5074972406563.95,10731.675320653418,-3.3257312271245953,2.3074103640820187,19.974387246010238,29.25534220371136,0,0,0,0,0
2023-10-01,IMPS,492880000.0,5382385100000.0,10920.27491478656,4.22575155684255,2.1599762881405526,20.01577629467059,29.314152718999345,0,0,1,0,0
2023-11-01,IMPS,472384000.0,5350017100000.0,11325.567970126,-4.158415841584162,1.9211184948649374,19.97330277211186,29.30812087309304,0,0,1,0,0
2023-12-01,IMPS,498793000.0,5701260699999.999,11430.113694458421,5.590578851104189,2.6667380211881753,20.02770173799085,29.371708441751966,0,0,0,0,0
2024-01-01,IMPS,508792000.0,5663097200000.0,11130.476108114908,2.004639199026448,7.225167963448453,20.047549846596134,29.36499206696024,0,0,0,0,0
2024-02-01,IMPS,534635000.00000006,5680918100000.001,10625.787873970092,5.079285837827641,19.38794428896966,20.09709482903597,29.368133972923648,0,0,0,0,0
2024-03-01,IMPS,580636000.0,6347057100000.0,10931.215253618446,8.604187903897031,16.814896068418772,20.17963461245518,29.479012372588656,0,0,0,1,0
2024-04-01,IMPS,550365000.0,5922788500000.0,10761.564598039482,-5.213421145089181,11.007047487732402,20.126092252445194,29.40982848432987,0,0,0,0,0
2024-05-01,IMPS,557699000.0,6061667800000.0,10869.067005678691,1.3325702034104658,11.195316908218334,20.139329948279457,29.433006092666655,0,0,0,0,0
2024-06-01,IMPS,516751000.0,5777942400000.0,11181.289247626033,-7.342311892257292,10.392924369645185,20.063071691696027,29.38506874907555,0,0,0,0,0
2024-07-01,IMPS,490284000.0,5931765800000.0,12098.632221324784,-5.121809149861345,0.11718524132966479,20.010495373007206,29.41134305864265,0,0,0,0,0
2024-08-01,IMPS,453337000.0,5778879000000.0,12747.424101716824,-7.53583637238825,-7.324294288301059,19.932146336228847,29.385230835166464,0,0,0,0,0
2024-09-01,IMPS,429935999.99999994,5652326600000.0,13146.902329649065,-5.161943543103709,-9.084558672815579,19.879146918365223,29.363088363936267,0,0,0,0,0
2024-10-01,IMPS,466822999.99999994,6293815200000.0,13482.230309989012,8.579649064046734,-5.286682356760275,19.961460728799544,29.47058855284324,0,0,1,0,0
2024-11-01,IMPS,407918000.0,5583276000000.0,13687.25086904721,-12.618272878585667,-13.646948245495194,19.826576731777013,29.350796816822076,0,0,1,0,0
2024-12-01,IMPS,441164000.00000006,6015491500000.0,13635.499496785775,8.150167435612076,-11.55369060913043,19.904927246366285,29.42535917440262,0,0,0,0,0
2025-01-01,IMPS,444222999.99999994,6064201700000.0,13651.255563084309,0.6933929332402222,-12.690647651692643,19.911837246562303,29.433424025588806,0,0,0,0,0
2025-02-01,IMPS,404829000.0,5630816400000.0,13909.12311123956,-8.86806851513765,-24.27936816706726,19.81897531368769,29.35927555644837,0,0,0,0,0
2025-03-01,IMPS,461639000.00000006,6678128000000.0,14466.126128858263,14.033085574403037,-20.49425113151784,19.950293758324026,29.529858824681714,0,0,0,1,0
2019-11-01,NEFT,219459398.0,17346512268625.701,79042.0115370302,,,19.206677798426472,30.484412580132563,0,0,1,0,0
2019-12-01,NEFT,233688014.00000003,19422307054040.2,83112.1233887511,6.483484475793566,,19.269497510217775,30.597443369575174,0,0,0,0,0
2020-01-01,NEFT,260555245.0,19294635070390.3,74051.99258372365,11.497051363532895,,19.37832546961007,30.590848197569557,0,0,0,0,0
2020-02-01,NEFT,248357357.0,18704935580000.0,75314.60233730865,-4.681497776028265,,19.330379222594065,30.559808539723797,0,0,0,0,0
2020-03-01,NEFT,262369785.0,22836646363830.1,87039.92482911133,5.64204264744208,,19.385265459776047,30.759387658229315,1,0,0,1,0
2020-04-01,NEFT,175979263.0,13064064080130.299,74236.3836364646,-32.927008725490246,,18.985876722197013,30.200886376677325,1,0,0,0,1
2020-05-01,NEFT,192939179.0,14817495181542.8,76798.78839716013,9.637451430854105,,19.077885562488756,30.32682970542143,0,0,0,0,0
2020-06-01,NEFT,227401334.0,19065861192160.5,83842.34541104539,17.86166769166153,,19.242227005578368,30.57892047958743,0,0,0,0,0
2020-07-01,NEFT,240103191.00000003,19631133887143.2,81761.23693059622,5.585656326888588,,19.296579351398876,30.608137885520847,0,0,0,0,0
2020-08-01,NEFT,234609472.99999997,19305523798594.1,82287.91255412821,-2.2880653843538656,,19.273432872737562,30.591412378070967,0,0,0,0,0
2020-09-01,NEFT,246827175.0,21655147301513.8,87734.04833367234,5.207676332830791,,19.324198953334236,30.70626429276613,0,0,0,0,0
2020-10-01,NEFT,276165042.0,22353886454704.5,80943.9395110135,11.885995535135052,,19.436509223224537,30.738021312461715,0,0,1,0,0
2020-11-01,NEFT,273409683.0,22182524878845.5,81132.91612589119,-0.9977218622768347,24.583264827874896,19.42648189859843,30.7303259272081,0,0,1,0,0
2020-12-01,NEFT,307614947.0,25583041666909.4,83165.79514879489,12.510626406746539,31.63488436338886,19.544359386742894,30.87295081302078,0,0,0,0,0
2021-01-01,NEFT,287493040.0,21658694847065.402,75336.41456873322,-6.541264394411883,10.338611682908173,19.47670920921299,30.706428099317733,0,1,0,0,0
2021-02-01,NEFT,282107311.0,21528437337661.8,76312.93659617989,-1.8733423946541428,13.589270882762694,19.457798091978123,30.70039584397688,0,0,0,0,0
2021-03-01,NEFT,348139221.0,30463285280325.2,87503.16954470694,23.40666385636492,32.69028710756461,19.668113018080774,31.047543313138508,0,0,0,1,0
2021-04-01,NEFT,286270923.0,20462345578181.1,71478.95204914367,-17.771137024518136,62.67310029591384,19.47244920361131,30.64960751202096,0,0,0,0,0
2021-05-01,NEFT,256538694.0,18194589862483.6,70923.37447731609,-10.38604573891705,32.963504524915585,19.36279006499898,30.532145405517596,0,0,0,0,0
2021-06-01,NEFT,292326941.0,20977711380260.098,71761.12919493143,13.950428468307408,28.55111087430999,19.49338339483862,30.674481627162812,0,0,0,0,0
2021-07-01,NEFT,317000496.0,22043027811652.3,69536.25653523362,8.44039721949541,32.02677343842546,19.5744138965091,30.724017468801918,0,0,0,0,0
2021-08-01,NEFT,321872861.0,22098178847055.2,68654.99246628064,1.537021254376847,37.19516815930106,19.5896671839233,30.726516315946142,0,0,0,0,0
2021-09-01,NEFT,335954056.0,24196881844171.797,72024.37777435793,4.374769266427836,36.10902284158946,19.632484970482736,30.817244891375,0,0,0,0,0
2021-10-01,NEFT,357446166.0,24763965576662.7,69280.2663231327,6.39733606907249,29.432082862971477,19.69449532414395,30.84041071152895,0,0,1,0,0
2021-11-01,NEFT,339400000.0,23144900000000.0,68193.57690041249,-5.048638848737852,24.136057024725055,19.6426899107644,30.77279556981485,0,0,1,0,0
2021-12-01,NEFT,376337883.0,27249801076859.5,72407.80773818484,10.883289039481436,22.340571116656438,19.745997922832448,30.936067337079397,0,0,0,0,0
2022-01-01,NEFT,362902969.0,24426858179827.902,67309.61239346571,-3.569907417478879,26.230175520075207,19.709646053467,30.82670438792696,0,0,0,0,0
2022-02-01,NEFT,363257994.0,24770585645152.8,68190.06341028465,0.0978291803393816,28.765891501479036,19.71062386705483,30.840678002475016,0,0,0,0,0
2022-03-01,NEFT,431420070.00000006,34925782094657.598,80955.39480733383,18.76409525071596,23.92170832139595,19.88259281378571,31.184246414368662,0,0,0,1,0
2022-04-01,NEFT,373759155.0,24985869031273.0,66850.18600085661,-13.365376117063832,30.561340663997516,19.73912217735245,30.849331542240026,0,0,0,0,0
2022-05-01,NEFT,381334486.0,25469276121638.3,66789.85787201607,2.026794768411766,48.64599178165303,19.75918746395861,30.86849398369304,0,0,0,0,0
2022-06-01,NEFT,402232850.0,27160128837390.598,67523.39804516363,5.480323644266472,37.59691413457509,19.812541707750732,30.932771162252514,0,0,0,0,0
2022-07-01,NEFT,401839279.0,26273539569504.2,65383.204038409094,-0.09784655828085631,26.76298115319038,19.811562763157987,30.899583448635063,0,0,0,0,0
2022-08-01,NEFT,416675667.0,26316390059569.3,63157.97188024733,3.6921199034900765,29.4534946827965,19.847818700159216,30.90121305718751,0,0,0,0,0
2022-09-01,NEFT,433245421.0,29229128147848.797,67465.52122901444,3.9766550610693674,28.959723290258466,19.88681491754857,31.00618686730097,0,0,0,0,0
2022-10-01,NEFT,457047513.99999994,27268271042610.598,59661.78615427411,5.493905266225529,27.8647129201548,19.940297912819464,30.936744909331665,0,0,1,0,0
2022-11-01,NEFT,438830131.99999994,27308783502189.9,62230.87593763936,-3.9858836208438553,29.295855038302875,19.899622953105272,30.9382295063792,0,0,1,0,0
2022-12-01,NEFT,485481151.00000006,29816811678373.4,61417.03260148486,10.630769310982524,29.0014035073902,20.000651021049094,31.02609350064795,0,1,0,0,0
2023-01-01,NEFT,479831000.00000006,28101799600000.0,58566.03595849371,-1.1638249988412008,32.22019134266163,19.98894451653699,30.96685473292223,0,0,0,0,0
2023-02-01,NEFT,467560818.0,27759718945898.7,59371.354222198104,-2.5571882600332274,28.71315310957754,19.963039990210397,30.954607127088618,0,0,0,0,0
2023-03-01,NEFT,546905709.0,37505694076731.1,68577.98969644895,16.969961541987043,26.768721955842235,20.1197869670996,31.25551387942424,0,0,0,1,0
2023-04-01,NEFT,482537399.0,27610382912911.297,57219.15642213527,-11.769544354856976,29.103833991705173,19.99456898662033,30.94921301040578,0,0,0,0,0
2023-05-01,NEFT,489665746.00000006,30263305609589.0,61804.00784985478,1.4772631126152458,28.408461331766375,20.00923356527767,31.040957058560053,0,0,0,0,0
2023-06-01,NEFT,509712355.0,30394906450914.0,59631.48853025938,4.09393737743704,26.720717862800125,20.049357114765364,31.045296159345718,0,0,0,0,0
2023-07-01,NEFT,547679345.0,30493644344208.1,55677.91559531627,7.44870898803307,36.29313350425358,20.121200536791594,31.048539395670225,0,0,0,0,0
2023-08-01,NEFT,565192260.0,31346016540934.7,55460.80291498454,3.197658476603671,35.643212398097624,20.152676514413365,31.076108310849136,0,0,0,0,0
2023-09-01,NEFT,559805222.0,31261895886241.203,55844.237705666135,-0.9531337177193455,29.212034303300815,20.143099463333666,31.07342108803486,0,0,0,0,0
2023-10-01,NEFT,631452695.0,32620147375229.5,51658.89326868658,12.798643203796335,38.15909192320868,20.26353358800205,31.11595123105203,0,0,1,0,0
2023-11-01,NEFT,639400631.0,32084914490977.9,50179.67286143935,1.2586748085697819,45.70572628772904,20.27604178145221,31.099407082049648,0,0,1,0,0
2023-12-01,NEFT,667392847.0,33688357115740.5,50477.55196534268,4.37788369964871,37.47039316053693,20.318889406513595,31.14817340741296,0,0,0,0,0
2024-01-01,NEFT,688278418.0,33673221702474.402,48923.83782760773,3.129426857642059,43.44184056469879,20.349703991363413,31.14772402918322,0,0,0,0,0
2024-02-01,NEFT,688923093.0,34714945351392.5,50390.160678490276,0.09366485758384169,47.344060168874115,20.35064020155769,31.178191411925216,0,0,0,0,0
2024-03-01,NEFT,793910400.0,43208402308346.5,54424.78434385858,15.23933630135983,45.164035945362556,20.492481166496173,31.397056090144744,0,0,0,1,0
2024-04-01,NEFT,704002618.0,32305494933560.0,45888.316474357205,-11.324676185121142,45.89596981683901,20.372292632865403,31.106258453470133,0,0,0,0,0
2024-05-01,NEFT,746774856.0,34579948514845.8,46305.721512998825,6.075579395075481,52.507064686530036,20.431274300077348,31.17429510731173,0,0,0,0,0
2024-06-01,NEFT,730734213.0,33314612704894.7,45590.602044104235,-2.14798916582698,43.36207585158496,20.409560357890584,31.13701723662843,0,0,0,0,0
2024-07-01,NEFT,800613784.0,36622637183063.0,45743.20092278476,9.562925856873772,46.182942867783325,20.50088922146172,31.231687667411652,0,0,0,0,0
2024-08-01,NEFT,798322723.0,35905878900000.0,44976.646493375585,-0.2861630721061825,41.2479928511406,20.49802348844743,31.211922155676127,0,0,0,0,0
2024-09-01,NEFT,790883297.0,35978848801822.6,45491.98211455286,-0.9318820303703124,41.278299293892616,20.48866097628826,31.21395234843664,0,0,0,0,0
2024-10-01,NEFT,918337908.0000001,41524277448972.1,45216.77379016798,16.115476389938244,45.43257401094791,20.638075972358976,31.357299370890537,0,0,1,0,0
2024-11-01,NEFT,776950919.0,33808836940158.402,43514.76536468117,-15.395965664525313,21.51237914558768,20.470887739026615,31.151743332179645,0,0,1,0,0
2024-12-01,NEFT,830701646.0000001,38149659777173.305,45924.622830437125,6.9181624843409395,24.46966576493741,20.537781258268755,31.272537955589716,0,0,0,0,0
2025-01-01,NEFT,856793339.0,38480329519766.805,44912.031604586045,3.140922270424862,24.483539886325477,20.568707302791218,31.28116830509289,0,0,0,0,0
2025-02-01,NEFT,764792785.0,35401033778262.195,46288.39925348171,-10.73777652232658,11.012795589361968,20.455115485818055,31.19776213841765,0,0,0,0,0
2025-03-01,NEFT,900896661.9999999,48543084837876.91,53883.0776996229,17.79617690823272,13.475861003962141,20.6189011164311,31.51347286669788,0,0,0,1,0
2019-11-01,RTGS,13387410.0,86798061886887.11,6483558.9473159565,,,16.409825271026467,32.09460540885348,0,0,1,0,0
2019-12-01,RTGS,13601582.0,103169368135317.0,7585100.625450554,1.5998016046419705,,16.425696667470636,32.2673931045219,0,0,0,0,0
2020-01-01,RTGS,13728613.000000002,98808212507399.5,7197246.546857974,0.9339428310618736,,16.434992752976356,32.22420183977241,0,0,0,0,0
2020-02-01,RTGS,13315318.0,89900967677530.5,6751695.128687914,-3.010464349166242,,16.404425659783882,32.12972982128068,0,0,0,0,0
2020-03-01,RTGS,11894618.0,120472207427299.0,10128295.623053974,-10.669666319647797,,16.291596586869765,32.42244019850004,1,0,0,1,0
2020-04-01,RTGS,5434644.0,64436531058562.2,11856624.106116647,-54.310058549169035,,15.508304575012193,31.796701840674142,1,0,0,0,1
2020-05-01,RTGS,9003796.0,70418693588109.7,7821000.563330145,65.67407175152596,,16.01315682415503,31.885479877766667,0,0,0,0,1
2020-06-01,RTGS,11967828.0,86519777213231.19,7229363.357597652,32.919804047093024,,16.297732607435368,32.09139414203588,0,0,0,0,0
2020-07-01,RTGS,12476268.0,83352790490540.5,6680907.3426877735,4.248389933411478,,16.3393388377231,32.05410320375558,0,0,0,0,0
2020-08-01,RTGS,11677166.0,72923796969423.39,6244991.033733989,-6.404976231674409,,16.273145868936936,31.92043613472656,0,0,0,0,0
2020-09-01,RTGS,13010503.0,94890657465566.61,7293388.846347187,11.418327015304918,,16.381267512308565,32.18374637060311,0,0,0,0,0
2020-10-01,RTGS,13821530.999999998,84960456984649.39,6146964.253428177,6.233640620965986,,16.441738151644106,32.073207052228916,0,0,1,0,0
2020-11-01,RTGS,13779836.0,79876554532583.2,5796625.920118585,-0.30166701503616666,2.9313063542537376,16.438716922172723,32.011503490503635,0,0,1,0,0
2020-12-01,RTGS,16347917.000000002,106591203400000.0,6520170.331180418,18.636513525995536,20.191290983651776,16.60961104657977,32.300022104555545,0,0,0,0,0
2021-01-01,RTGS,15668058.0,91701623037329.5,5852775.311230626,-4.158688840908608,14.127027981632212,16.56713467557362,32.149561194459956,0,1,0,0,0
2021-02-01,RTGS,15769554.0,90504254496655.6,5739176.548471542,0.6477892793095297,18.431673956266014,16.57359167699205,32.13641797654221,0,0,0,0,0
2021-03-01,RTGS,20234900.0,129822145970547.0,6415754.264688582,28.316247878665422,70.11811560488954,16.822919394347597,32.497186521751175,0,0,0,1,0
2021-04-01,RTGS,15152060.0,88028677606027.11,5809683.805768134,-25.11917528626284,178.80501464309347,16.53364705427344,32.108683759205455,0,0,0,0,0
2021-05-01,RTGS,12334390.0,83665994249626.7,6783148.112685484,-18.595953289519706,36.99099801905774,16.327901853946113,32.057853729502874,0,0,0,0,0
2021-06-01,RTGS,15413551.000000002,101969894423338.0,6615600.417018634,24.964031460007362,28.791548474794283,16.55075761553289,32.25569873293431,0,0,0,0,0
2021-07-01,RTGS,16765020.999999998,107413141080328.0,6406979.21465938,8.768063893907364,34.375287545923186,16.634805190491285,32.30770364694601,0,0,0,0,0
2021-08-01,RTGS,16652096.0,101642956449529.0,6103913.672460753,-0.6735750584505595,42.603916052919,16.62804665235365,32.25248736141841,0,0,0,0,0
2021-09-01,RTGS,17456940.0,110696310220217.0,6341106.185861726,4.833289454973122,34.17575016123513,16.675247835284342,32.33781162374362,0,0,0,0,0
2021-10-01,RTGS,18411308.0,101343679133888.0,5504425.81993023,5.466983331557529,33.20744279342138,16.728475599028737,32.249538620171144,0,0,1,0,0
2021-11-01,RTGS,17214000.0,109817780000000.0,6379561.984431277,-6.503112109145093,24.921660896399644,16.66123356419156,32.329843562677844,0,0,1,0,0
2021-12-01,RTGS,19278397.0,129669907986448.0,6726176.869707995,11.992546764261647,17.92570882272033,16.774495700536562,32.49601316789125,0,0,0,0,0
2022-01-01,RTGS,18129052.0,104491094959740.0,5763737.395631056,-5.961828672788505,15.70707741827353,16.713026292340196,32.28012296800608,0,0,0,0,0
2022-02-01,RTGS,18028552.0,103246178190157.0,5726814.78746363,-0.5543588269259714,14.325059541950269,16.707467281360977,32.26813733197718,0,0,0,0,0
2022-03-01,RTGS,23003813.0,144589550413916.0,6285460.1719252365,27.596564604855665,13.68384820285744,16.9511705427617,32.60492015757801,0,0,0,1,0
2022-04-01,RTGS,19532430.0,110975944859073.0,5681625.115721546,-15.090467828094411,28.909402417889062,16.787586719075975,32.340334580773906,0,0,0,0,0
2022-05-01,RTGS,19572062.0,111839469720360.0,5714240.5189785315,0.20290358137722286,58.678799681216496,16.789613699176854,32.34808565298972,0,0,0,0,0
2022-06-01,RTGS,19441531.0,123560535324738.0,6355494.087617791,-0.6669251303209611,26.132719189757104,16.782922109039575,32.447752316477946,0,0,0,0,0
2022-07-01,RTGS,18926270.0,115514396804396.0,6103389.458376954,-2.6503108217146076,12.891418388321751,16.756061462037533,32.38041628577963,0,0,0,0,0
2022-08-01,RTGS,18808020.0,116655827086896.0,6202451.246164987,-0.6247929465235336,12.946862665216429,16.749793932578765,32.390249066743685,0,0,0,0,0
2022-09-01,RTGS,19830016.0,137896371244635.98,6953921.330403162,5.433830887036484,13.59388300584181,16.80270730735395,32.55752358598445,0,0,0,0,0
2022-10-01,RTGS,19033650.0,115512768612459.98,6068871.110504815,-4.0159624682098105,3.3802161150093157,16.761719023297836,32.38040219053734,0,0,1,0,0
2022-11-01,RTGS,20645798.0,122917494858536.0,5953632.543461677,8.469988677946683,19.936086906006743,16.843022369982283,32.44253447272393,0,0,1,0,0
2022-12-01,RTGS,21503150.0,137360571763662.0,6387927.897245846,4.152670679040837,11.540134794402256,16.883709993994017,32.553630495028486,0,1,0,0,0
2023-01-01,RTGS,20417906.0,125464667686215.0,6144835.209164691,-5.046907081055563,12.62533749696344,16.831922818919523,32.46304530248195,0,0,0,0,0
2023-02-01,RTGS,20049719.0,120535790278779.0,6011844.369428769,-1.8032554366740672,11.210922541089264,16.81372569665605,32.42296783952076,0,0,0,0,0
2023-03-01,RTGS,24801308.0,161229022400097.0,6500827.391849535,23.699030395388586,7.813900243407468,17.02640695167989,32.71384696949871,0,0,0,1,0
2023-04-01,RTGS,20156669.0,118768055406198.0,5892246.154669603,-18.727395345439035,3.1959105958654366,16.81904575934116,32.40819359281143,0,0,0,0,0
2023-05-01,RTGS,22045538.0,128825871237546.0,5843625.646039847,9.37093822396944,12.637789518549457,16.908620781103288,32.489482773073945,0,0,0,0,0
2023-06-01,RTGS,21230113.0,143366171444950.0,6752963.182294413,-3.6988210494114493,9.199800159771376,16.87093115632189,32.59642311281224,0,0,0,0,0
2023-07-01,RTGS,21189226.0,131245612729123.0,6193978.615789128,-0.19258964848656301,11.95669299867328,16.869003402913847,32.508091590015866,0,0,0,0,0
2023-08-01,RTGS,21808172.0,137420072158841.0,6301310.910370708,2.9210410989056523,15.95145049824489,16.897795319901288,32.55406357062842,0,0,0,0,0
2023-09-01,RTGS,21393514.0,145451833569310.0,6798875.283850516,-1.9013881585306591,7.884501959050372,16.87859834994066,32.61086610697325,0,0,0,0,0
2023-10-01,RTGS,22461619.0,134644004601590.0,5994403.368768297,4.992658055146992,18.010045367021043,16.92731858838103,32.533655408399014,0,0,1,0,0
2023-11-01,RTGS,21919829.0,135914425325606.0,6200523.978795911,-2.4120701183650173,6.170897341919157,16.90290221891877,32.54304657807211,0,0,1,0,0
2023-12-01,RTGS,23038753.0,158887779933948.0,6896544.267562919,5.104620113596692,7.141293252383951,16.95268826906336,32.699219282385236,0,0,0,0,0
2024-01-01,RTGS,23099363.0,146916248615127.0,6360186.149511006,0.26307847477682333,13.132869746780095,16.95531559935423,32.62088380303325,0,0,0,0,0
2024-02-01,RTGS,23826220.0,146142967827296.0,6133703.450538776,3.1466538709314262,18.835680440209668,16.986297212909157,32.6156064901961,0,0,0,0,0
2024-03-01,RTGS,27847260.999999996,181283660980789.0,6509927.887729749,16.87653769670554,12.281420802483467,17.14224517120662,32.83108410817638,0,0,0,1,0
2024-04-01,RTGS,23558542.0,144332962055601.0,6126565.984244738,-15.40086473854645,16.87715862179411,16.974999030282646,32.603143982896576,0,0,0,0,0
2024-05-01,RTGS,24971362.0,151869466283906.0,6081745.412361008,5.997060429291423,13.271728728053734,17.033240206222953,32.65404249336881,0,0,0,0,0
2024-06-01,RTGS,23183906.0,160376938480644.0,6917597.857783067,-7.158023659262158,9.202932645718853,16.958968889014024,32.70854802596601,0,0,0,0,0
2024-07-01,RTGS,24667833.0,159706804135838.0,6474294.0385496365,6.400677262925414,16.41686676049423,17.021010645166275,32.70436077597665,0,0,0,0,0
2024-08-01,RTGS,23752710.0,159104357900000.0,6698366.540070586,-3.7097826955452495,8.916556600892545,16.983207187198573,32.70058144184625,0,0,0,0,0
2024-09-01,RTGS,23333140.0,177864826700709.0,7622841.447859525,-1.7664089697554508,9.06642078529034,16.96538522559691,32.81204497717215,0,0,0,0,0
2024-10-01,RTGS,26792173.000000004,170709749960662.97,6371627.637693402,14.824549974842661,19.27979456868183,17.10362035058672,32.770985861617795,0,0,1,0,0
2024-11-01,RTGS,24028516.0,148268822072817.0,6170535.961222782,-10.315165552267835,9.61999749176876,16.9947518496675,32.63004810745277,0,0,1,0,0
2024-12-01,RTGS,26228757.0,191635868023177.0,7306326.717014344,9.15679103944662,13.846252876620536,17.08236696223372,32.88661816657127,0,0,0,0,0
2025-01-01,RTGS,26814510.0,174993626978853.0,6526079.6105859475,2.2332472713060714,16.083330955922893,17.104453716877735,32.79577067192524,0,0,0,0,0
2025-02-01,RTGS,24420222.0,160993709047398.0,6592639.045107698,-8.929076086044462,2.4930601664888474,17.010922117514603,32.71238640590983,0,0,0,0,0
2025-03-01,RTGS,30702909.0,214019690992798.0,6970664.929267712,25.727395107218932,10.254681780014208,17.239867963768713,32.99708914070241,0,0,0,1,0
2019-11-01,UPI,1218770742.0,1892290891084.0,1552.6225120720858,,,20.92110859920843,28.268809322670467,0,0,1,0,0
2019-12-01,UPI,1308401713.0,2025207585663.0,1547.848466981486,7.3542109201699235,,20.992072162860296,28.336693322671632,0,0,0,0,0
2020-01-01,UPI,1305019232.0,2162429741430.0,1657.0098649933152,-0.2585200681405664,,20.989483614777228,28.40225358571251,0,0,0,0,0
2020-02-01,UPI,1325693237.0,2225169500300.0,1678.495022977929,1.5841915960361774,,21.00520135730023,28.43085420855532,0,0,0,0,0
2020-03-01,UPI,1246844550.0,2064623070262.0,1655.8784896336917,-5.947732461729382,,20.943881836691673,28.355968793119676,1,0,0,1,0
2020-04-01,UPI,999574375.9999999,1511406642718.0,1512.0502075755494,-19.831676210157887,,20.722840122342806,28.04406188459946,1,0,0,0,1
2020-05-01,UPI,1234497198.0,2183915954934.0,1769.0732376486123,23.50228533669416,,20.933929597002095,28.412140690897672,0,0,0,0,0
2020-06-01,UPI,1336930941.0,2618350009801.0,1958.4781303980608,8.297608383879052,,21.013642481525764,28.593565468063336,0,0,0,0,0
2020-07-01,UPI,1497354000.0,2905378600000.0,1940.3418296541765,11.999352702541731,,21.126965387374476,28.69758482476297,0,0,0,0,0
2020-08-01,UPI,1618828462.0,2983076092661.2,1842.7376109854931,8.112608107368068,,21.204968552971046,28.723976129905914,0,0,0,0,0
2020-09-01,UPI,1800166999.9999998,3290318400000.0005,1827.7850888278704,11.201837764574707,,21.311145275322716,28.82200545413863,0,0,0,0,0
2020-10-01,UPI,2071618999.9999998,3861067351691.0,1863.7922087463962,15.07926764572398,,21.45159626412671,28.981964777163913,0,0,1,0,0
2020-11-01,UPI,2210228383.0,3909991852992.1997,1769.0442684864388,6.690872356355104,81.3489860589384,21.51636168786077,28.994556406289945,0,0,1,0,0
2020-12-01,UPI,2234158091.0,4161762244748.6,1862.7877147609606,1.0826803322252054,70.75475129708883,21.52713030098041,29.056959717027677,0,0,0,0,0
2021-01-01,UPI,2302728000.0,4311819000000.0,1872.4829853981885,3.0691610086244436,76.45165247649008,21.557360343992606,29.092380972772972,0,1,0,0,0
2021-02-01,UPI,2292894000.0,4250627600000.0,1853.8264743158645,-0.4270586886510275,72.95811248073825,21.55308061210428,29.078087758550883,0,0,0,0,0
2021-03-01,UPI,2731685000.0,5048864500000.0,1848.2601398038207,19.13699455796909,119.08785662174166,21.72818447186097,29.250184482447782,0,0,0,1,0
2021-04-01,UPI,2641061000.0,4936636800000.0,1869.1869669045886,-3.317512817180601,164.21855775942782,21.694446567306294,29.227705405555607,0,0,0,0,0
2021-05-01,UPI,2529182000.0,4891056100000.0,1933.849007307501,-4.236138430729164,104.87547514060864,21.651161767248507,29.218429367467014,0,0,0,0,0
2021-06-01,UPI,2807516000.0,5473731600000.0,1949.6706697308225,11.004901980165926,109.99708465869067,21.755565943581114,29.33098169355831,0,0,0,0,0
2021-07-01,UPI,3245501925.0,6058832022032.5,1866.8397560825665,15.600478323186762,116.74914048381346,21.90053585156657,29.43253816179567,0,0,0,0,0
2021-08-01,UPI,3555544999.9999995,6391169500000.0,1797.52175826772,9.553008507305073,119.63692160485375,21.991774193655512,29.4859383879161,0,0,0,0,0
2021-09-01,UPI,3655817000.0,6546482800000.0,1790.7030904446256,2.8201583723451717,103.08210293822744,22.01958543458094,29.509949044252636,0,0,0,0,0
2021-10-01,UPI,4218432177.0,7714069875683.4,1828.6580302849327,15.389588072925964,103.62973003240464,22.162729373925007,29.67406703396801,0,0,1,0,0
2021-11-01,UPI,4186480000.0000005,7684360000000.0,1835.5181441210752,-0.7574419988120473,89.4139099923051,22.15512612233711,29.67020821033605,0,0,1,0,0
2021-12-01,UPI,4566299000.0,8268482300000.0,1810.762348238694,9.072514379622,104.38567075421878,22.241968866922296,29.74347208938008,0,0,0,0,0
2022-01-01,UPI,4617156000.0,8319930900000.0,1801.9601027125789,1.1137466031024168,100.50809300968244,22.253044768074595,29.749675065438716,0,0,0,0,0
2022-02-01,UPI,4527489000.0,8268430200000.0,1826.2728413034245,-1.9420396451841793,97.45740535759613,22.233433318121982,29.74346578832479,0,0,0,0,0
2022-03-01,UPI,5405651000.0,9605816700000.0,1776.9953517161948,19.396226031692176,97.88705505942303,22.410710724818085,29.89338993716526,0,0,0,1,0
2022-04-01,UPI,5584388000.0,9835734500000.0,1761.2913894951425,3.3064842698872,111.4448700730502,22.443240684233253,29.917043247238233,0,0,0,0,0
2022-05-01,UPI,5946289000.0,10402205300000.0,1749.3608702839704,6.48058480177236,135.10720066804208,22.506033164444776,29.973038947673782,0,0,0,0,0
2022-06-01,UPI,5862908000.0,10144126200000.0,1730.2209415532361,-1.4022359155432929,108.82901468771684,22.491911563179926,29.947915954397768,0,0,0,0,0
2022-07-01,UPI,6289340000.0,10631170400000.0,1690.3475404414453,7.273387199662684,93.78635863850242,22.562121973695515,29.994811405702176,0,0,0,0,0
2022-08-01,UPI,6581906000.0,10731621700000.0,1630.4732550115423,4.651775862014129,85.11665581507198,22.607590205992135,30.004215798150177,0,0,0,0,0
2022-09-01,UPI,6780799774.999999,11164380899536.2,1646.469630425889,3.021826428393215,85.47973749780142,22.63736089285633,30.04374954957454,0,0,0,0,0
2022-10-01,UPI,7305421000.000001,12115875000000.0,1658.4773143122072,7.7368635324437385,73.17858136563329,22.7118825122475,30.125537692104036,0,0,1,0,0
2022-11-01,UPI,7309447030.0,11905933934075.2,1628.8419473059919,0.05511017092647563,74.59648750262748,22.712433462155985,30.10805804168376,0,0,1,0,0
2022-12-01,UPI,7828895000.0,12819708600000.002,1637.4863374716358,7.1065289599615555,71.44946049306013,22.781087213107707,30.182004837053537,0,1,0,0,0
2023-01-01,UPI,8038588000.0,12990587800000.0,1616.0285612348835,2.678449512990011,74.10258609412375,22.80751928282341,30.195246195779752,0,0,0,0,0
2023-02-01,UPI,7534757000.000001,12358465800000.0,1640.194342033857,-6.267655463870014,66.42242532229237,22.74279241900252,30.145362434040205,0,0,0,0,0
2023-03-01,UPI,8651633764.0,14049505944224.0,1623.913624578619,14.822996468233796,60.04795285526201,22.881014014506533,30.27360834697786,0,0,0,1,0
2023-04-01,UPI,8863259542.0,14155047145441.3,1597.0475735665082,2.44607878434,58.71496647439254,22.905180428037873,30.281092365143262,0,0,0,0,0
2023-05-01,UPI,9415184588.0,14891454422149.0,1581.6423228843232,6.227111407317065,58.33715091883358,22.965589604598865,30.331808635634623,0,0,0,0,0
2023-06-01,UPI,9335061489.0,14754642611563.398,1580.5619094153349,-0.8509987058790136,59.22237717187444,22.95704320084931,30.322578902516273,0,0,0,0,0
2023-07-01,UPI,9964255681.0,15335364410462.9,1539.0376262327968,6.740118345673607,58.43086366772985,23.02227009449484,30.361182676529204,0,0,0,0,0
2023-08-01,UPI,10586016335.0,15765365379598.2,1489.2632772040965,6.239910675772631,60.83511880905015,23.082799753456776,30.388836585288665,0,0,0,0,0
2023-09-01,UPI,10555687000.0,15791331800000.0,1496.0022782032092,-0.2865037615682131,55.67023581668877,23.07993060376478,30.39048228516115,0,0,0,0,0
2023-10-01,UPI,11408790000.0,17157683400000.0,1503.9003610374107,8.081927779783538,56.16882312463578,23.157649947870073,30.473467200875046,0,0,1,0,0
2023-11-01,UPI,11235292000.0,17397406100000.002,1548.460520652245,-1.5207397103461417,53.70919241752821,23.14232573245513,30.48734223632365,0,0,1,0,0
2023-12-01,UPI,12020226000.0,18229494500000.0,1516.5683656863025,6.986324877003636,53.536686850443125,23.20985656787339,30.534061975216563,0,0,0,0,0
2024-01-01,UPI,12203018000.0,18410839700000.0,1508.7120005887068,1.5207035208822273,51.80549121313345,23.224949135142147,30.543960721214315,0,0,0,0,0
2024-02-01,UPI,12102673000.0,18278693500000.0,1510.302186963161,-0.8222965826978235,60.62459612167981,23.216692174243196,30.53675720784673,0,0,0,0,0
2024-03-01,UPI,13440004000.0,19783532300000.0,1471.9885723248296,11.049881294818098,55.34642781487948,23.32150146966042,30.61587100555282,0,0,0,1,0
2024-04-01,UPI,13303994000.0,19644645200000.0,1476.5975691209721,-1.0119788654824768,50.10272391276433,23.31133012784475,30.608825908200668,0,0,0,0,0
2024-05-01,UPI,14035843000.0,20449370500000.0,1456.9392447607172,5.500972114088443,49.07666300976403,23.36488010908188,30.648973215547482,0,0,0,0,0
2024-06-01,UPI,13885142000.000002,20070812000000.0,1445.488422084556,-1.0736868458844806,48.74183760183695,23.354085184516403,30.630287736313992,0,0,0,0,0
2024-07-01,UPI,14435554000.0,20642924100000.0,1430.0056721065225,3.964035801722421,44.873380031043794,23.392960028264934,30.658393718019077,0,0,0,0,0
2024-08-01,UPI,14963047000.0,20607355700000.0,1377.216532167546,3.6541237004135807,41.34728803061118,23.428849465224094,30.65666920080429,0,0,0,0,0
2024-09-01,UPI,15041747000.0,20639947100000.0,1372.1775203372322,0.5259623925528034,42.498986565251506,23.434095305637307,30.65824949355413,0,0,0,0,0
2024-10-01,UPI,16584966000.0,23498214600000.0,1416.8382738921503,10.259572907322534,45.37006991977239,23.531762459298104,30.78794555972437,0,0,1,0,0
2024-11-01,UPI,15482021000.0,21551874100000.0,1392.0581880104671,-6.65026988900671,37.798118642577336,23.462945252141914,30.701483893894267,0,0,1,0,0
2024-12-01,UPI,16730009000.0,23246999400000.0,1389.5389655797555,8.060885591099499,39.182150152584484,23.540469889900766,30.777197181568688,0,0,0,0,0
2025-01-01,UPI,16996001000.0,23480371100000.0,1381.5232830358152,1.5899094854043394,39.27702966594002,23.556243918036348,30.787185915703922,0,0,0,0,0
2025-02-01,UPI,16106193000.0,21964817000000.0,1363.7497700418714,-5.235396255860425,33.07963455676279,23.502469693359853,30.72046306188521,0,0,0,0,0
2025-03-01,UPI,18301508000.0,24772215900000.0,1353.5614606184365,13.630253902955225,36.17189399646013,23.630249297770316,30.84074381445161,0,0,0,1,0
